{
  "address": "0x974caa59e49682cda0ad2bbe82983419a2ecc400",
  "discovered_at": "2026-01-15T16:03:35.542975+00:00",
  "total_value_usd": 4130384.1118215686,
  "eth_balance": 1244.6153595421488,
  "eth_value_usd": 4130384.1118215686,
  "token_holdings": {},
  "risk_score": 60,
  "tx_count": 1000,
  "defi_activity": false,
  "nft_activity": {
    "unique_collections": 5,
    "top_collections": [
      [
        "Ugly Unicorns",
        10
      ],
      [
        "BLOCKAID WARNING",
        3
      ],
      [
        "ClaimPass",
        1
      ],
      [
        "$10,000 ETH Rewards airdrop-eth.com",
        1
      ],
      [
        "Akata",
        1
      ]
    ],
    "collection_addresses": {
      "0x732bc69d3ed34a18058dee2a9ef046d440a357e5": 1,
      "0xa53d381e979064e10f22a37d0d162fdd3a846cd8": 1,
      "0x30f986940ba213eeef708ef28576273fbe4a6557": 1,
      "0xc0462967a6856c2f5fed9f7e1752d05918bcef5e": 1,
      "0x807942af5dc294336670377ff85a21ef9b5427cf": 1,
      "0x50adf569684d1a760068884fff2e5d9aa026e3e6": 1,
      "0xa548fa1d539cab8d78163cb064f7b22e6ef34b2f": 10
    }
  },
  "bridge_activity": false,
  "age_days": 0,
  "osint_categories": [
    "\ud83c\udfb0_gamblers",
    "\ud83c\udd95_newcomers",
    "\ud83c\udfc6_status_seekers",
    "\ud83d\udc8e_high_value",
    "\ud83c\udfaf_prime_targets"
  ],
  "primary_osint_category": "\ud83c\udfb0_gamblers",
  "behavior": {
    "confidence_score": 60,
    "sophistication": "Intermediate",
    "risk_tolerance": "Aggressive",
    "trading_style": "Stablecoin Holder",
    "likely_region": "Europe",
    "likely_timezone": "Europe/Africa (UTC+0 to +3)",
    "meme_exposure": true,
    "defi_protocols": [],
    "nft_platforms": [],
    "bridges_used": [],
    "exchange_interactions": [],
    "frequent_counterparties": []
  },
  "transaction_analysis": {
    "total_transactions": 1000,
    "total_value_eth": 59.4315438210539,
    "most_active_hour": 16,
    "most_active_day": "Thursday",
    "top_recipients": [
      [
        "0xdac17f958d2ee523a2206206994597c13d831ec7",
        198
      ],
      [
        "0xa0b86991c6218b36c1d19d4a2e9eb0ce3606eb48",
        67
      ],
      [
        "0xeb01624dd91078630824cf84d9a5651b207784bc",
        3
      ],
      [
        "0x95ad61b0a150d79219dcf64e1e6cc01f0b64c4ce",
        3
      ],
      [
        "0x9497db1c7a701428a09a6d50032aba2c8b2c1653",
        3
      ],
      [
        "0xb2ae016bb36dcd883de7e2174e34d94959fe2e9b",
        3
      ],
      [
        "0x455e53cbb86018ac2b8092fdcd39d8444affc3f6",
        2
      ],
      [
        "0x512751653de122efe4a58608a21bd7093a0156a1",
        2
      ],
      [
        "0x3974f251c9f65f8f69934488805395e42023f000",
        2
      ],
      [
        "0x3c320f26a1d291c911a418cee16c8070bfa23e5f",
        2
      ]
    ],
    "top_senders": [
      [
        "0x974caa59e49682cda0ad2bbe82983419a2ecc400",
        1000
      ]
    ],
    "first_transaction": "2026-01-15T15:53:23",
    "last_transaction": "2026-01-15T17:03:23",
    "avg_gas_used": 30183.213,
    "avg_gas_price": 989884277.7283547
  },
  "token_activity": {
    "unique_tokens": 7,
    "top_tokens": [
      [
        "USDT",
        567
      ],
      [
        "USDC",
        418
      ],
      [
        "POL",
        6
      ],
      [
        "SHIB",
        5
      ],
      [
        "CRO",
        2
      ],
      [
        "APE",
        1
      ],
      [
        "LINK",
        1
      ]
    ],
    "token_values": {
      "USDT": 1295593.5117089998,
      "USDC": 823064.0981059994,
      "CRO": 1991.09983173,
      "POL": 6835.8028466525,
      "SHIB": 2435033658.793644,
      "APE": 28.21253879,
      "LINK": 3.56699989
    },
    "token_details": {
      "USDT": [
        "Tether USD"
      ],
      "USDC": [
        "USDC"
      ],
      "CRO": [
        "Cronos Coin"
      ],
      "POL": [
        "Polygon Ecosystem Token"
      ],
      "SHIB": [
        "SHIBA INU"
      ],
      "APE": [
        "ApeCoin"
      ],
      "LINK": [
        "ChainLink Token"
      ]
    }
  },
  "ipfs_osint": {
    "address": "0x974caa59e49682cda0ad2bbe82983419a2ecc400",
    "ipfs_hashes_found": [
      {
        "contract": "0xa53d381e979064e10f22a37d0d162fdd3a846cd8",
        "token_id": "122",
        "uri": "ipfs://QmNNRhri6ZqCTASX5aCtPtZJ6pmrVBf9WjM69Seps4xCPA/metadata.json",
        "ipfs_hash": "QmNNRhri6ZqCTASX5aCtPtZJ6pmrVBf9WjM69Seps4xCPA"
      },
      {
        "contract": "0x50adf569684d1a760068884fff2e5d9aa026e3e6",
        "token_id": "617",
        "uri": "ipfs://Qmb5ym7AKJyGnATyad8sx7Zg5nXLxceuHqZobagaGQ3KbF/617",
        "ipfs_hash": "Qmb5ym7AKJyGnATyad8sx7Zg5nXLxceuHqZobagaGQ3KbF"
      }
    ],
    "metadata_analyzed": [],
    "debug_info": {
      "nft_transfers_count": 16,
      "contracts_found": 7,
      "tokens_checked": 11,
      "uris_found": 11,
      "ipfs_hashes_extracted": 2,
      "metadata_fetched": 0
    },
    "findings": {
      "total_hashes": 2,
      "unique_hashes": [
        "QmNNRhri6ZqCTASX5aCtPtZJ6pmrVBf9WjM69Seps4xCPA",
        "Qmb5ym7AKJyGnATyad8sx7Zg5nXLxceuHqZobagaGQ3KbF"
      ],
      "linked_urls": [],
      "usernames": [],
      "emails": [],
      "social_links": [],
      "timestamps": [],
      "creators": [],
      "collections": [],
      "domains": [
        "api.jsonserve.com",
        "uglyunicorns.xyz",
        "luckyusdc.xyz"
      ],
      "domain_analysis": {
        "luckyusdc.xyz": {
          "domain": "luckyusdc.xyz",
          "is_ipfs": false,
          "is_centralized": true,
          "scam_indicators": [
            "Contains suspicious keyword: 'lucky'",
            "Suspicious TLD: .xyz"
          ],
          "reputation": "suspicious",
          "whois_info": null
        },
        "api.jsonserve.com": {
          "domain": "api.jsonserve.com",
          "is_ipfs": false,
          "is_centralized": true,
          "scam_indicators": [],
          "reputation": "unknown",
          "whois_info": null
        },
        "uglyunicorns.xyz": {
          "domain": "uglyunicorns.xyz",
          "is_ipfs": false,
          "is_centralized": true,
          "scam_indicators": [
            "Suspicious TLD: .xyz"
          ],
          "reputation": "suspicious",
          "whois_info": null
        }
      },
      "metadata_urls": [
        {
          "contract": "0x732bc69d3ed34a18058dee2a9ef046d440a357e5",
          "token_id": "3010",
          "uri": "https://luckyusdc.xyz/metadata/3010.json"
        },
        {
          "contract": "0xa53d381e979064e10f22a37d0d162fdd3a846cd8",
          "token_id": "122",
          "uri": "ipfs://QmNNRhri6ZqCTASX5aCtPtZJ6pmrVBf9WjM69Seps4xCPA/metadata.json"
        },
        {
          "contract": "0x30f986940ba213eeef708ef28576273fbe4a6557",
          "token_id": "84",
          "uri": "https://api.jsonserve.com/-9SKoN"
        },
        {
          "contract": "0xc0462967a6856c2f5fed9f7e1752d05918bcef5e",
          "token_id": "107",
          "uri": "https://api.jsonserve.com/yPBtIp"
        },
        {
          "contract": "0x807942af5dc294336670377ff85a21ef9b5427cf",
          "token_id": "12",
          "uri": "https://api.jsonserve.com/U6zfM3"
        },
        {
          "contract": "0x50adf569684d1a760068884fff2e5d9aa026e3e6",
          "token_id": "617",
          "uri": "ipfs://Qmb5ym7AKJyGnATyad8sx7Zg5nXLxceuHqZobagaGQ3KbF/617"
        },
        {
          "contract": "0xa548fa1d539cab8d78163cb064f7b22e6ef34b2f",
          "token_id": "986",
          "uri": "http://uglyunicorns.xyz/static/metadata/json/986.json"
        },
        {
          "contract": "0xa548fa1d539cab8d78163cb064f7b22e6ef34b2f",
          "token_id": "988",
          "uri": "http://uglyunicorns.xyz/static/metadata/json/988.json"
        },
        {
          "contract": "0xa548fa1d539cab8d78163cb064f7b22e6ef34b2f",
          "token_id": "985",