{
  "address": "0x974caa59e49682cda0ad2bbe82983419a2ecc400",
  "discovered_at": "2026-05-02T11:27:40.592948+00:00",
  "total_value_usd": 18127167.03832659,
  "eth_balance": 7866.951327427463,
  "eth_value_usd": 18127167.03832659,
  "token_holdings": {},
  "risk_score": 60,
  "tx_count": 1000,
  "defi_activity": false,
  "nft_activity": {
    "unique_collections": 6,
    "top_collections": [
      [
        "Ugly Unicorns",
        10
      ],
      [
        "BLOCKAID WARNING",
        3
      ],
      [
        "NEAR REWARD",
        1
      ],
      [
        "ClaimPass",
        1
      ],
      [
        "$10,000 ETH Rewards airdrop-eth.com",
        1
      ],
      [
        "Akata",
        1
      ]
    ],
    "collection_addresses": {
      "0x62006871c1ac4368146bc90ea89cbce8a5c38e3c": 1,
      "0x732bc69d3ed34a18058dee2a9ef046d440a357e5": 1,
      "0xa53d381e979064e10f22a37d0d162fdd3a846cd8": 1,
      "0x30f986940ba213eeef708ef28576273fbe4a6557": 1,
      "0xc0462967a6856c2f5fed9f7e1752d05918bcef5e": 1,
      "0x807942af5dc294336670377ff85a21ef9b5427cf": 1,
      "0x50adf569684d1a760068884fff2e5d9aa026e3e6": 1,
      "0xa548fa1d539cab8d78163cb064f7b22e6ef34b2f": 10
    }
  },
  "bridge_activity": false,
  "age_days": 0,
  "osint_categories": [
    "\ud83c\udfb0_gamblers",
    "\ud83c\udd95_newcomers",
    "\ud83c\udfc6_status_seekers",
    "\ud83d\udc8e_high_value",
    "\ud83c\udfaf_prime_targets"
  ],
  "primary_osint_category": "\ud83c\udfb0_gamblers",
  "behavior": {
    "confidence_score": 60,
    "sophistication": "Intermediate",
    "risk_tolerance": "Aggressive",
    "trading_style": "Stablecoin Holder",
    "likely_region": "Europe",
    "likely_timezone": "Europe/Africa (UTC+0 to +3)",
    "meme_exposure": true,
    "defi_protocols": [],
    "nft_platforms": [],
    "bridges_used": [],
    "exchange_interactions": [],
    "frequent_counterparties": []
  },
  "transaction_analysis": {
    "total_transactions": 1000,
    "total_value_eth": 3879.0295985100292,
    "most_active_hour": 11,
    "most_active_day": "Saturday",
    "top_recipients": [
      [
        "0x974caa59e49682cda0ad2bbe82983419a2ecc400",
        338
      ],
      [
        "0xdac17f958d2ee523a2206206994597c13d831ec7",
        249
      ],
      [
        "0xa0b86991c6218b36c1d19d4a2e9eb0ce3606eb48",
        119
      ],
      [
        "0x95ad61b0a150d79219dcf64e1e6cc01f0b64c4ce",
        6
      ],
      [
        "0xeb9114b746e4d2749173099e9c10f6af8f7c3408",
        5
      ],
      [
        "0x1f9840a85d5af5bf1d1762f925bdaddc4201f984",
        4
      ],
      [
        "0x455e53cbb86018ac2b8092fdcd39d8444affc3f6",
        4
      ],
      [
        "0x5f5cd0690b77ab62a2205e9631198bb12c8b2d95",
        3
      ],
      [
        "0x977e6a20aa2b197bfaf124fa4158b9aeee68bf00",
        3
      ],
      [
        "0x17a3e03f69f39ee20ee2791ef3280ed0e94be064",
        2
      ]
    ],
    "top_senders": [
      [
        "0x974caa59e49682cda0ad2bbe82983419a2ecc400",
        662
      ],
      [
        "0xd0986b1777e991cb86b8732fcc41c193ec1ebb82",
        1
      ],
      [
        "0xf8d71f60d94260bbf7a0d98b5737eae5035f6c22",
        1
      ],
      [
        "0x7071d18929275152f401bb34d81a52f9a41feb82",
        1
      ],
      [
        "0x6c8aa55c8442a9b3d501089c04645eb0c4596b07",
        1
      ],
      [
        "0xa2b2602faac6804dfc33d74e856d4a2877823452",
        1
      ],
      [
        "0xdf7feda95e789dd61788b869f3ce2087922f033c",
        1
      ],
      [
        "0xf92575c97c064ad1b8e1a5a4562556c3542b3054",
        1
      ],
      [
        "0xd230a48f37b24fa8cd0bf38b3fd52cb57a63fabe",
        1
      ],
      [
        "0xea0be34a3d8e81699bc7f7f8780588f9c00742f0",
        1
      ]
    ],
    "first_transaction": "2026-05-02T11:07:11",
    "last_transaction": "2026-05-02T13:26:47",
    "avg_gas_used": 34460.134,
    "avg_gas_price": 272650361.6326419
  },
  "token_activity": {
    "unique_tokens": 8,
    "top_tokens": [
      [
        "USDT",
        780
      ],
      [
        "USDC",
        194
      ],
      [
        "POL",
        9
      ],
      [
        "SHIB",
        6
      ],
      [
        "UNI",
        5
      ],
      [
        "DAI",
        3
      ],
      [
        "CRO",
        2
      ],
      [
        "APE",
        1
      ]
    ],
    "token_values": {
      "USDT": 26549606.726235997,
      "USDC": 7588164.317726998,
      "UNI": 190.30178462,
      "POL": 13787.56419408,
      "SHIB": 17809737.79634895,
      "APE": 1800.0,
      "CRO": 974.18432973,
      "DAI": 1053.6092912
    },
    "token_details": {
      "USDT": [
        "Tether USD"
      ],
      "USDC": [
        "USDC"
      ],
      "UNI": [
        "Uniswap"
      ],
      "POL": [
        "Polygon Ecosystem Token"
      ],
      "SHIB": [
        "SHIBA INU"
      ],
      "APE": [
        "ApeCoin"
      ],
      "CRO": [
        "Cronos Coin"
      ],
      "DAI": [
        "Dai Stablecoin"
      ]
    }
  },
  "ipfs_osint": {
    "address": "0x974caa59e49682cda0ad2bbe82983419a2ecc400",
    "ipfs_hashes_found": [
      {
        "contract": "0x62006871c1ac4368146bc90ea89cbce8a5c38e3c",
        "token_id": "207",
        "uri": "ipfs://QmVLZoFp6MFQMah8AhV4qZU4wSWFdYCjy6hBwfmtfHHCPW/207.json",
        "ipfs_hash": "QmVLZoFp6MFQMah8AhV4qZU4wSWFdYCjy6hBwfmtfHHCPW"
      },
      {
        "contract": "0xa53d381e979064e10f22a37d0d162fdd3a846cd8",
        "token_id": "122",
        "uri": "ipfs://QmNNRhri6ZqCTASX5aCtPtZJ6pmrVBf9WjM69Seps4xCPA/metadata.json",
        "ipfs_hash": "QmNNRhri6ZqCTASX5aCtPtZJ6pmrVBf9WjM69Seps4xCPA"
      },
      {
        "contract": "0x50adf569684d1a760068884fff2e5d9aa026e3e6",
        "token_id": "617",
        "uri": "ipfs://Qmb5ym7AKJyGnATyad8sx7Zg5nXLxceuHqZobagaGQ3KbF/617",
        "ipfs_hash": "Qmb5ym7AKJyGnATyad8sx7Zg5nXLxceuHqZobagaGQ3KbF"
      }
    ],
    "metadata_analyzed": [],
    "debug_info": {
      "nft_transfers_count": 17,
      "contracts_found": 8,
      "tokens_checked": 12,
      "uris_found": 12,
      "ipfs_hashes_extracted": 3,
      "metadata_fetched": 0
    },
    "findings": {
      "total_hashes": 3,
      "unique_hashes": [
        "QmNNRhri6ZqCTASX5aCtPtZJ6pmrVBf9WjM69Seps4xCPA",
        "Qmb5ym7AKJyGnATyad8sx7Zg5nXLxceuHqZobagaGQ3KbF",
        "QmVLZoFp6MFQMah8AhV4qZU4wSWFdYCjy6hBwfmtfHHCPW"
      ],
      "linked_urls": [],
      "usernames": [],
      "emails": [],
      "social_links": [],
      "timestamps": [],
      "creators": [],
      "collections": [],
      "domains": [
        "luckyusdc.xyz",
        "uglyunicorns.xyz",
        "api.jsonserve.com"
      ],
      "domain_analysis": {
        "luckyusdc.xyz": {
          "domain": "luckyusdc.xyz",
          "is_ipfs": false,
          "is_centralized": true,
          "scam_indicators": [
            "Contains suspicious keyword: 'lucky'",
            "Suspicious TLD: .xyz"
          ],
          "reputation": "suspicious",
          "whois_info": null
        },
        "api.jsonserve.com": {
          "domain": "api.jsonserve.com",
          "is_ipfs": false,
          "is_centralized": true,
          "scam_indicators": [],
          "reputation": "unknown",
          "whois_info": null
        },
        "uglyunicorns.xyz": {
          "domain": "uglyunicorns.xyz",
          "is_ipfs": false,
          "is_centralized": true,
          "scam_indicators": [
            "Suspicious TLD: .xyz"
          ],
          "reputation": "suspicious",
          "whois_info": null
        }
      },
      "metadata_urls": [
        {
          "contract": "0x62006871c1ac4368146bc90ea89cbce8a5c38e3c",
          "token_id": "207",
          "uri": "ipfs://QmVLZoFp6MFQMah8AhV4qZU4wSWFdYCjy6hBwfmtfHHCPW/207.json"
        },
        {
          "contract": "0x732bc69d3ed34a18058dee2a9ef046d440a357e5",
          "token_id": "3010",